id,name,file,source_url,width,height
00112,Champú con Biotina & Keratina - 1000ml,00112.webp,https://cdn.shopify.com/s/files/1/0592/7957/3162/files/champu_biotina.png?v=1764596976,2048,2048
00113,Loción bifásica capilar acondicionadora - 300 ml,00113.webp,https://cdn.shopify.com/s/files/1/0592/7957/3162/files/locion-bifasica-biotina.webp?v=1752493945,2048,2048
00114,Crema de manos Vainilla - 30 ml,00114.webp,https://cdn.shopify.com/s/files/1/0592/7957/3162/files/cremademanosvainilla.jpg?v=1752493941,2048,2048
00135,Crema de Baba Caracol - 50 ml,00135.webp,https://cdn.shopify.com/s/files/1/0592/7957/3162/files/crema-baba-de-caracol.jpg?v=1752493904,2048,2048
00138,Crema facial Activo despigmentante SPF 20 - 50 ml,00138.webp,https://cdn.shopify.com/s/files/1/0592/7957/3162/files/crema-despigmentante-spf20.jpg?v=1752493856,2048,2048
00140,Crema hidratante con Ácido hialurónico - 50 ml,00140.webp,https://cdn.shopify.com/s/files/1/0592/7957/3162/files/crema-facial-hidratante-acido-hialuronico.jpg?v=1752493850,2048,2048
00143,"Champú de Cebolla - Revitalizante, antioxidante y purificante - 1000 ml",00143.webp,https://cdn.shopify.com/s/files/1/0592/7957/3162/files/champu_de_cebolla_para_el_pelo.png?v=1765437969,2048,2048
00144,Champú cola swag effect - 1000 ml,00144.webp,https://cdn.shopify.com/s/files/1/0592/7957/3162/files/champu-cola-cafeina-vainilla-canela-1000ml-valquer.jpg?v=1786523859,2048,2048
00146,Mascarilla capilar de cebolla - 300 ml,00146.webp,https://cdn.shopify.com/s/files/1/0592/7957/3162/files/mascarilla_de_cebolla_para_el_cabello.jpg?v=1770195155,2048,2048
00149,"Champú Jengibre - Anticaspa, Revitalizante y Fortalecedor - 1000 ml",00149.webp,https://cdn.shopify.com/s/files/1/0592/7957/3162/files/champu-jengibre-estimulante-capilar-valquer-1000ml.webp?v=1783682582,2048,2048
00160,"Champú de Cebolla - Revitalizante, antioxidante y purificante - 500 ml",00160.webp,https://cdn.shopify.com/s/files/1/0592/7957/3162/files/champu_de_cebolla.png?v=1765364130,2048,2048
00170,Champú sólido sin sulfatos Sky Cabello normal - 50 g,00170.webp,https://cdn.shopify.com/s/files/1/0592/7957/3162/files/00170.jpg?v=1736518540,2048,2049
00171,Champú sólido sin sulfatos Pure Cabello graso -  50 g,00171.webp,https://cdn.shopify.com/s/files/1/0592/7957/3162/products/champu-solido-cabello-graso.jpg?v=1736518531,650,650
00172,Champú Sólido Sin Sulfatos Petal Cabello Seco - 50 g,00172.webp,https://cdn.shopify.com/s/files/1/0592/7957/3162/products/champu-solido-cabello-seco.jpg?v=1736518526,650,650
00173,Champú Sólido Sin Sulfatos Sunset Familiar - 50 g,00173.webp,https://cdn.shopify.com/s/files/1/0592/7957/3162/files/champu-solido-sin-sulfatos.jpg?v=1736518593,650,650
00182,Sérum reparador de manos - Hidratación Intensa y Acción Antiedad - 50 ml,00182.webp,https://cdn.shopify.com/s/files/1/0592/7957/3162/files/serum-reparador.jpg?v=1683643945,650,650
10105,Agua Micelar para Pieles sensibles - Limpieza Suave y Eficaz - 400 ml,10105.webp,https://cdn.shopify.com/s/files/1/0592/7957/3162/files/agua_micelar.webp?v=1765881024,2048,2048
10116,"Leche Limpiadora Facial – Limpieza Profunda, Hidratación y Suavidad Natural - 500 ml",10116.webp,https://cdn.shopify.com/s/files/1/0592/7957/3162/files/leche_limpiadora.jpg?v=1765879218,2048,2048
10132,Peeling Facial – Gel Exfoliante Suave con Microgránulos Naturales - 50 ml,10132.webp,https://cdn.shopify.com/s/files/1/0592/7957/3162/products/10132.jpg?v=1769521299,2000,2000
10134,Peeling Facial – Gel Exfoliante Suave con Microgránulos Naturales - 250 ml,10134.webp,https://cdn.shopify.com/s/files/1/0592/7957/3162/files/peeling_facial.webp?v=1765878729,2048,2048
10144,Mascarilla facial calmante - 250 ml,10144.webp,https://cdn.shopify.com/s/files/1/0592/7957/3162/files/mascarilla_facial_calmante.webp?v=1757401382,2048,2048
10154,Desmaquillante de Ojos – Suavidad y Frescor para Pieles Sensibles - 250 ml,10154.webp,https://cdn.shopify.com/s/files/1/0592/7957/3162/files/desmaquillante-ojos-valquer-origins-agua-hamamelis.jpg?v=1782213441,2048,2048
10215,"Loción Facial Hidratante Tonificante – Refresca, Calma e Hidrata Sin Alcohol - 250 ml",10215.webp,https://cdn.shopify.com/s/files/1/0592/7957/3162/files/10215.png?v=1765977303,2048,2048
10216,"Loción Facial Hidratante Tonificante – Refresca, Calma e Hidrata Sin Alcohol - 500 ml",10216.webp,https://cdn.shopify.com/s/files/1/0592/7957/3162/files/locion_hidratante_tonificante.jpg?v=1765977303,2048,2048
10221,Sérum Facial Ultra-Hidratante – Acción Inmediata para Pieles Muy Secas - 30 ml,10221.webp,https://cdn.shopify.com/s/files/1/0592/7957/3162/files/serum_facial_hidratante.jpg?v=1771855960,2048,2048
10232,Activo facial hidratante B-Jour - 50 ml,10232.webp,https://cdn.shopify.com/s/files/1/0592/7957/3162/files/Activo-facial-hidratante.jpg?v=1736518496,650,650
10234,Activo facial hidratante B-Jour - 200 ml,10234.webp,https://cdn.shopify.com/s/files/1/0592/7957/3162/files/Activo-hidratante.jpg?v=1736518499,650,650
10242,Crema facial hidratante de Manzanilla - 50 ml,10242.webp,https://cdn.shopify.com/s/files/1/0592/7957/3162/files/crema-hidratante-manzanilla-valquer-origins-pieles-secas.jpg?v=1782215849,2048,2048
10244,Crema facial hidratante de Manzanilla - 200 ml,10244.webp,https://cdn.shopify.com/s/files/1/0592/7957/3162/products/10244.jpg?v=1736518492,2000,2000
10252,Crema facial hidratante de Avena - 50 ml,10252.webp,https://cdn.shopify.com/s/files/1/0592/7957/3162/files/10252.jpg?v=1772028518,2048,2048
10254,Crema facial hidratante de Avena - 250 ml,10254.webp,https://cdn.shopify.com/s/files/1/0592/7957/3162/files/crema_hidratante_a_base_de_avena.jpg?v=1769521831,2048,2048
10262,Ialuserum Facial Super-Hidratante – Hidratación Profunda con Ácido Hialurónico y Protección Solar - 50 ml,10262.webp,https://cdn.shopify.com/s/files/1/0592/7957/3162/files/ialuserum_super_hidratante.webp?v=1771854805,2048,2048
10264,Ialuserum Facial Super-Hidratante – Hidratación Profunda con Ácido Hialurónico y Protección Solar - 250 ml,10264.webp,https://cdn.shopify.com/s/files/1/0592/7957/3162/files/ialuserum.webp?v=1758793716,2048,2048
10311,Sérum Facial Antiarrugas de Expresión – Acción Intensiva con Retinol - 30 ml,10311.webp,https://cdn.shopify.com/s/files/1/0592/7957/3162/files/10311.jpg?v=1779433299,2000,2000
10322,"Activo Facial Anti-Edad – Protección, Firmeza y Nutrición con Nuez de Grenoble - 50 ml",10322.webp,https://cdn.shopify.com/s/files/1/0592/7957/3162/files/crema_antiedad.webp?v=1765789773,2048,2048
10324,"Activo Facial Anti-Edad – Protección, Firmeza y Nutrición con Nuez de Grenoble - 250 ml",10324.webp,https://cdn.shopify.com/s/files/1/0592/7957/3162/files/mejores_crema_antiedad_mujer.webp?v=1765789860,2048,2048
10332,Crema facial G-3 Colágeno - 50 ml,10332.webp,https://cdn.shopify.com/s/files/1/0592/7957/3162/files/crema_colageno_g-3_50_ml.webp?v=1775557094,2048,2048
10334,Crema facial G-3 Colágeno - 250 ml,10334.webp,https://cdn.shopify.com/s/files/1/0592/7957/3162/files/crema-facial-g3-colageno-origen-vegetal-vitaminas-valquer.jpg?v=1786528240,1080,1080
10342,Crema facial antiarrugas con germinados de Soja para Pieles Maduras - 50 ml,10342.webp,https://cdn.shopify.com/s/files/1/0592/7957/3162/files/crema_antiarrugas_germinados_soja.jpg?v=1773668734,800,800
10344,Crema facial antiarrugas con germinados de Soja para Pieles Maduras - 250 ml,10344.webp,https://cdn.shopify.com/s/files/1/0592/7957/3162/files/mejor_crema_antiarrugas.jpg?v=1773668659,2048,2048
10351,Sérum Contorno de Ojos y Labios – Acción Antiarrugas y Antioxidante - 30 ml,10351.webp,https://cdn.shopify.com/s/files/1/0592/7957/3162/files/serum_contorno_de_ojos.jpg?v=1773669118,2000,2000
10361,Sérum aceite rosa mosqueta 100% puro - 30 ml,10361.webp,https://cdn.shopify.com/s/files/1/0592/7957/3162/files/10361_Principal.jpg?v=1779776859,2048,2048
10444,Activo facial desensibilizante Pieles sensibles - 250 ml,10444.webp,https://cdn.shopify.com/s/files/1/0592/7957/3162/files/crema_facial_pieles_sensibles.jpg?v=1772008692,2048,2048
10524,Mascarilla Facial Purificante – Control de Grasa y Suavidad - 200 ml,10524.webp,https://cdn.shopify.com/s/files/1/0592/7957/3162/files/mascarilla-purificante.jpg?v=1752493619,650,650
10542,Activo Facial Purificante – Triple Acción para Piel Grasa - 50 ml,10542.webp,https://cdn.shopify.com/s/files/1/0592/7957/3162/files/crema_facial_piel_grasa.webp?v=1765789588,2048,2048
10552,Crema facial matificante Pieles grasas - 50 ml,10552.webp,https://cdn.shopify.com/s/files/1/0592/7957/3162/files/10552.jpg?v=1779432815,2000,2000
10561,Sérum Facial Antiimperfecciones Directo – Acción Intensiva - 30 ml,10561.webp,https://cdn.shopify.com/s/files/1/0592/7957/3162/files/10561.jpg?v=1752493577,800,800
10611,Sérum Despigmentante Facial de Efecto Intensivo - 30 ml,10611.webp,https://cdn.shopify.com/s/files/1/0592/7957/3162/files/10611.jpg?v=1736518162,800,800
10622,Activo facial despigmentante SPF 20 - 50 ml,10622.webp,https://cdn.shopify.com/s/files/1/0592/7957/3162/files/activo-despigmentante.jpg?v=1736518152,650,650
10632,Crema Hidratante Facial SPF 50+ con Ácido Hialurónico - Alta Protección UVA/UVB y Acción Antipolución 360º - 50 ml,10632.webp,https://cdn.shopify.com/s/files/1/0592/7957/3162/files/crema-hidratante-alta-proteccion.jpg?v=1759151709,2048,2048
10642,Crema facial con alfahidroxiácidos (AHA) - 50 ml,10642.webp,https://cdn.shopify.com/s/files/1/0592/7957/3162/products/10642.jpg?v=1736518135,2000,2000
10654,Activo facial blanqueante SPF 20 - 200 ml,10654.webp,https://cdn.shopify.com/s/files/1/0592/7957/3162/files/activo-blanqueante-facial.jpg?v=1736518127,650,650
11216,Leche Corporal Hidronutritiva 24H con Aceite de Almendras y Aloe Vera - 750 ml,11216.webp,https://cdn.shopify.com/s/files/1/0592/7957/3162/files/leche_corporal.jpg?v=1765978491,2048,2048
11327,Crema de Algas Tonificante con Fucus Vesiculosus - 750 ml,11327.webp,https://cdn.shopify.com/s/files/1/0592/7957/3162/files/crema_anticelulitica.jpg?v=1772090513,2048,2048
11336,Crema Corporal Calor Activo con Guaraná y Centella Asiática - 500 ml,11336.webp,https://cdn.shopify.com/s/files/1/0592/7957/3162/files/crema-calor-activo.jpg?v=1736518065,650,650
11346,Gel Anticelulítico Frío Activo con Té Verde y Centella Asiática - 500 ml,11346.webp,https://cdn.shopify.com/s/files/1/0592/7957/3162/files/gel-anticelulitico-frio.jpg?v=1736518061,650,650
11357,Líquido para Vendas Frías Reafirmante - 750 ml,11357.webp,https://cdn.shopify.com/s/files/1/0592/7957/3162/files/liquidovendasfrias.webp?v=1757401944,2048,2048
11424,Crema Corporal Reafirmante con Soja y Proteínas de Germen de Trigo - 250 ml,11424.webp,https://cdn.shopify.com/s/files/1/0592/7957/3162/files/mejor_crema_corporal_reafirmante.jpg?v=1765880110,2048,2048
11426,Crema Corporal Reafirmante con Soja y Proteínas de Germen de Trigo - 750 ml,11426.webp,https://cdn.shopify.com/s/files/1/0592/7957/3162/files/crema_reafirmante.png?v=1765879952,2048,2048
11537,Crema masaje corporal - 750 ml,11537.webp,https://cdn.shopify.com/s/files/1/0592/7957/3162/files/cremas_para_masajes.jpg?v=1772553206,2048,2048
12014,Vaselina Neutra Profesional - 200 ml,12014.webp,https://cdn.shopify.com/s/files/1/0592/7957/3162/files/vaselina-neutra.jpg?v=1736518020,650,650
12037,Gel conductor - Facial & Corporal - 1000 ml,12037.webp,https://cdn.shopify.com/s/files/1/0592/7957/3162/files/gel_conductor.png?v=1765355500,2048,2048
12038,Gel conductor - Facial & Corporal - 5000 ml,12038.webp,https://cdn.shopify.com/s/files/1/0592/7957/3162/files/12038.png?v=1770110660,2048,2048
12047,Gel Postdepilación con Aloe vera - 750 ml,12047.webp,https://cdn.shopify.com/s/files/1/0592/7957/3162/files/gel-post-depilacion-aloe-vera.webp?v=1752493542,2048,2048
12100,Sérum Facial de Vitamina C & Ácido Hialurónico - 30ml,12100.webp,https://cdn.shopify.com/s/files/1/0592/7957/3162/files/serum-facial-vitamina-c-acido-hialuronico-valquer.jpg?v=1786527896,1080,1080
12102,Ampollas Lifting Flash - 5 x 2 ml,12102.webp,https://cdn.shopify.com/s/files/1/0592/7957/3162/files/ampollas-lifting.jpg?v=1728305014,650,650
12103,Ampollas Vitamina C - 5 x 2 ml,12103.webp,https://cdn.shopify.com/s/files/1/0592/7957/3162/files/ampollas-vitaminac.jpg?v=1728305010,650,650
12104,Ampollas peeling - 5 x 2 ml,12104.webp,https://cdn.shopify.com/s/files/1/0592/7957/3162/files/ampollas-peeling.jpg?v=1728305006,650,650
12127,Champú Premium para Mascotas de Todas las Razas - 400 ml,12127.webp,https://cdn.shopify.com/s/files/1/0592/7957/3162/files/champuparatodaslasrazas.webp?v=1728304547,2048,2048
12128,Champú Premium Hidratante para Mascotas - 400 ml,12128.webp,https://cdn.shopify.com/s/files/1/0592/7957/3162/files/12128_WEB.webp?v=1728304507,2048,2048
12129,Champú Premium para Mascotas de Pelo Rizado - 400 ml,12129.webp,https://cdn.shopify.com/s/files/1/0592/7957/3162/files/12129_WEB.webp?v=1728304503,2048,2048
12130,Champú Premium para Mascotas de Pelo Blanco - 400 ml,12130.webp,https://cdn.shopify.com/s/files/1/0592/7957/3162/files/12130_WEB.webp?v=1728304499,2048,2048
12170,Leche Facial Micelar Desmaquillante – 200 ml,12170.webp,https://cdn.shopify.com/s/files/1/0592/7957/3162/files/desmaquillante-facial.jpg?v=1736512324,650,650
12171,Exfoliante facial Aqua-gel - 200 ml,12171.webp,https://cdn.shopify.com/s/files/1/0592/7957/3162/files/exfoliante-facial.jpg?v=1736512317,650,650
12172,Mascarilla Facial Hidratante con Agua de Bambú y Microalgas - 50 ml,12172.webp,https://cdn.shopify.com/s/files/1/0592/7957/3162/files/mascarilla-facial-hidratante.jpg?v=1736512309,650,650
12173,Sérum Facial Hidratante con Ácido Hialurónico – 30 ml,12173.webp,https://cdn.shopify.com/s/files/1/0592/7957/3162/files/serum-facial.jpg?v=1736512304,650,650
12188,Crema Facial Iluminadora C-Glow - 50 ml,12188.webp,https://cdn.shopify.com/s/files/1/0592/7957/3162/files/crema-facial-iluminadora-c-glow-vitamina-c-valquer.jpg?v=1785315098,1080,1080
12189,Crema Facial Calmante Soothing - 50 ml,12189.webp,https://cdn.shopify.com/s/files/1/0592/7957/3162/files/crema-facial-calmante-soothing-niacinamida-centella-valquer.jpg?v=1785315159,1080,1080
12190,"Crema Facial con Retinal Vitamin A-Sleep - 0,1% y 0,2% - 30 ml - 0.1%",12190.webp,https://cdn.shopify.com/s/files/1/0592/7957/3162/files/crema-facial-retinal-01-vitamin-a-sleep-valquer.jpg?v=1785315250,1080,1080
12191,"Crema Facial con Retinal Vitamin A-Sleep - 0,1% y 0,2% - 30 ml - 0.2%",12191.webp,https://cdn.shopify.com/s/files/1/0592/7957/3162/files/crema-facial-retinal-02-vitamin-a-sleep-valquer.jpg?v=1785315265,1080,1080
12192,Crema Facial Revitalizante Energy Bomb - 50 ml,12192.webp,https://cdn.shopify.com/s/files/1/0592/7957/3162/files/crema-facial-revitalizadora-energy-bomb-acido-hialuronico-valquer.jpg?v=1785315319,1080,1080
12193,Crema Facial Hidratante Nutritiva Plump Skin - 50 ml,12193.webp,https://cdn.shopify.com/s/files/1/0592/7957/3162/files/crema-facial-hidratante-plump-skin-acido-hialuronico-valquer.jpg?v=1785315376,1080,1080
12194,Parches para Contorno de Ojos con Vitamina C - 60 ud.,12194.webp,https://cdn.shopify.com/s/files/1/0592/7957/3162/files/parches-hidrogel-ojos-vitamina-c-valquer..jpg?v=1783924405,1080,1080
21803,Crema Hidratante Aceleradora del Bronceado - 300 ml,21803.webp,https://cdn.shopify.com/s/files/1/0592/7957/3162/files/Acelerador_bronceado.webp?v=1779344190,2048,2048
21851,Protector Solar Corporal SPF 50 - Alta Protección e Hidratación - 300 ml,21851.webp,https://cdn.shopify.com/s/files/1/0592/7957/3162/files/protector-solar-corporal-spf50.jpg?v=1777446738,2048,2048
21854,Crema Facial Hydra Sunscreen SPF 50+ Protección 360º Hidratante y Antiedad - 75 ml,21854.webp,https://cdn.shopify.com/s/files/1/0592/7957/3162/files/Crema_Facial_Hydra_Sunscreen_SPF_50_Protecci_n_360.jpg?v=1779345482,2048,2048
21855,Sérum Solar Facial Invisible Protection SPF 50+ Antiedad e Hidratante - 40 ml,21855.webp,https://cdn.shopify.com/s/files/1/0592/7957/3162/files/serum-solar-facial-invisible-spf50-envase-mejorado-valquer.jpg?v=1786527882,1080,1080
21870,"Aftersun Aloe Vera en Spray - Calmante, Hidratante y Refrescante - 300 ml",21870.webp,https://cdn.shopify.com/s/files/1/0592/7957/3162/files/aftersun-corporal-aloe-vera-300ml-valquer.jpg?v=1786523841,2048,2048
21901,Protector Solar Capilar con Vitamina B5 - 300 ml,21901.webp,https://cdn.shopify.com/s/files/1/0592/7957/3162/files/protector-solar-capilar-valquer-300ml.jpg?v=1783924119,1080,1080
31115,Champú preparador de tratamientos - 300 ml,31115.webp,https://cdn.shopify.com/s/files/1/0592/7957/3162/files/champu-preparador-tratamientos-capilares-300ml-valquer.jpg?v=1786524626,2048,2048
31118,Champú preparador de tratamientos - 1000 ml,31118.webp,https://cdn.shopify.com/s/files/1/0592/7957/3162/files/champu-preparador-tratamientos-capilares-1000ml-valquer31118.jpg?v=1786524661,2048,2048
31127,Tratamiento de salud capilar SBS Divinity Effect - 135 g,31127.webp,https://cdn.shopify.com/s/files/1/0592/7957/3162/files/tratamiento-capilar-sbs-divinity-effect-keratina-vegetal-valquer.jpg?v=1786524696,2048,2048
31135,Champú prolongador tratamiento SBS Divinity Effect - 300 ml,31135.webp,https://cdn.shopify.com/s/files/1/0592/7957/3162/files/champu-prolongador-sbs-divinity-effect-keratina-vegetal-valquer.jpg?v=1786524717,2048,2048
31145,Acondicionador Prolongador Tratamiento SBS Divinity Effect - 300 ml,31145.webp,https://cdn.shopify.com/s/files/1/0592/7957/3162/files/champu-prolongador-alisado-keratina-vegetal-valquer.jpg?v=1786525240,2048,2048
31215,Mascarilla Capilar Post Alisado Francés – 275 ml,31215.webp,https://cdn.shopify.com/s/files/1/0592/7957/3162/files/mascarilla-post-alisado-frances-fondo-blanco.webp?v=1781178181,2048,2048
31217,Tratamiento Alisado Francés – Kit Profesional Completo para 1 Uso - 220 g,31217.webp,https://cdn.shopify.com/s/files/1/0592/7957/3162/files/alisado_frances.jpg?v=1770191432,2048,2048
31223,Bioplex Nº 1 - Tratamiento Reconstructor de Enlaces - 200 ml,31223.webp,https://cdn.shopify.com/s/files/1/0592/7957/3162/files/tratamiento_reconstructor_de_enlaces_bioplex.png?v=1765376881,2048,2048
31225,Bioplex Nº 2 - Tratamiento Intensivo Reparador - 200 ml,31225.webp,https://cdn.shopify.com/s/files/1/0592/7957/3162/files/tratamiento_reparador_cabello.png?v=1765438467,2048,2048
31227,Bioplex Nº 3 - Champú Fortalecedor - 300 ml,31227.webp,https://cdn.shopify.com/s/files/1/0592/7957/3162/files/bioplex_champu_fortalecedor.png?v=1779283786,2048,2048
31229,Bioplex Nº4 - Mascarilla Capilar Protectora - 275 ml,31229.webp,https://cdn.shopify.com/s/files/1/0592/7957/3162/files/mascarilla_protectora_bioplex.png?v=1764593773,2048,2048
31230,Estuche Bioplex - Tratamiento Completo para Reconstrucción y Protección Capilar - 975 ml,31230.webp,https://cdn.shopify.com/s/files/1/0592/7957/3162/files/estuche-tratamiento-capilar-bioplex-valquer.jpg?v=1783926656,1080,1080
31231,VR Bálsamo Acondicionador Sin Aclarado Reparador - 150 ml,31231.webp,https://cdn.shopify.com/s/files/1/0592/7957/3162/files/balsamo-reparador-sin-aclarado-vr-150ml-valquer.jpg?v=1786528465,1080,1080
31330,Leche Hidratante Bronceadora de Zanahorias Facial y Corporal SPF 30 – 480 ml,31330.webp,https://cdn.shopify.com/s/files/1/0592/7957/3162/files/bronceador_de_zanahoria.png?v=1768829160,2048,2048
31350,Leche Hidratante Bronceadora de Zanahorias Facial y Corporal SPF 50 – 480 ml,31350.webp,https://cdn.shopify.com/s/files/1/0592/7957/3162/files/Bronceador_zanahoria_SPF_50.webp?v=1779345193,2048,2048
31915,Champú prolongador del alisado de keratina - 300 ml,31915.webp,https://cdn.shopify.com/s/files/1/0592/7957/3162/files/keratina-total-repair-cabello-danado-seco-300ml-valquer.jpg?v=1786525282,2048,2048
31925,Champú para Cuero Cabelludo Sensible – 0% Sin Sulfatos - 300 ml,31925.webp,https://cdn.shopify.com/s/files/1/0592/7957/3162/files/champu-sin-sulfatos-0-fondo-blanco.webp?v=1780920304,2048,2048
31928,Champú para Cuero Cabelludo Sensible – 0% Sin Sulfatos - 1000 ml,31928.webp,https://cdn.shopify.com/s/files/1/0592/7957/3162/files/champu_cuero_cabelludo_sensible.png?v=1768820623,2048,2048
32113,"Cera Capilar Brillante Fijación Natural - Brillo, control y protección UV – 100 ml",32113.webp,https://cdn.shopify.com/s/files/1/0592/7957/3162/files/cera_brillante.jpg?v=1780475300,800,800
32123,Cera Capilar Mate Fijación Normal - 100 ml,32123.webp,https://cdn.shopify.com/s/files/1/0592/7957/3162/files/Cera_Capilar_Mate_Fijaci_n_Normal.jpg?v=1779869786,2048,2048
32133,Cera Capilar Mate Fijación Fuerte - Control Natural y Acabe Mate - 100 ml,32133.webp,https://cdn.shopify.com/s/files/1/0592/7957/3162/files/Cera_Capilar_Mate_Fijaci_n_Fuerte.webp?v=1779870147,2048,2048
32217,Gel Capilar Fijador Extrafuerte Efecto Mojado y Fijación Duradera – 500 ml,32217.webp,https://cdn.shopify.com/s/files/1/0592/7957/3162/files/Gel_Capilar_Fijador_Extrafuerte_Efecto_Mojado_y_Fijaci_n_Duradera.jpg?v=1779869616,2048,2048
32227,Gel Capilar Fijador Ultrafuerte - Control Máximo y Efecto Mojado - 500 ml,32227.webp,https://cdn.shopify.com/s/files/1/0592/7957/3162/files/Gel_Capilar_Fijador_Ultrafuerte.webp?v=1779869981,2048,2048
32315,Protector Térmico Capilar con Queratina Natural  – 300 ml,32315.webp,https://cdn.shopify.com/s/files/1/0592/7957/3162/files/Protector_termico_capilar.webp?v=1779343357,2048,2048
32615,Eco Spray Direccional Fijación Extrafuerte - 300 ml,32615.webp,https://cdn.shopify.com/s/files/1/0592/7957/3162/files/Eco_Sray_fijacion_fuerte.webp?v=1779342720,2048,2048
32625,H2O Agua de Peinado para Estilistas - Fijación natural y protección UV - 300 ml,32625.webp,https://cdn.shopify.com/s/files/1/0592/7957/3162/files/H2O_Agua_de_Peinado.webp?v=1779343027,2048,2048
32914,"Plis azul reforzador - Ampollas capilares con fijación, volumen y brillo - 12x15 ml",32914.webp,https://cdn.shopify.com/s/files/1/0592/7957/3162/files/Ampollas_capilares_con_fijacion_volumen_y_brillo.jpg?v=1779343594,2048,2048
33116,Champú Reparador para cabello dañado - 0% Sin Sulfatos - 400 ml,33116.webp,https://cdn.shopify.com/s/files/1/0592/7957/3162/files/champu-total-reparacion.png?v=1763728152,2048,2048
33118,Champú Reparador para cabello dañado - 0% Sin Sulfatos - 1000 ml,33118.webp,https://cdn.shopify.com/s/files/1/0592/7957/3162/files/mejor_champu_reparador_pelo.png?v=1764596295,2048,2048
33125,Mascarilla cabello Dañado - Reparadora efecto frío - 275 ml,33125.webp,https://cdn.shopify.com/s/files/1/0592/7957/3162/files/mascarilla_reparadora_pelo.jpg?v=1764597748,2048,2048
33128,Mascarilla cabello Dañado - Reparadora efecto frío - 975 ml,33128.webp,https://cdn.shopify.com/s/files/1/0592/7957/3162/files/la_mejor_mascarilla_reparadora_para_el_pelo.png?v=1764598024,2048,2048
33135,Acondicionador Bifásico Reparación Total – Cabellos Dañados (300 ml),33135.webp,https://cdn.shopify.com/s/files/1/0592/7957/3162/files/acondicionador-total-repair.webp?v=1736513360,2048,2048
33144,Sérum Capilar Intensivo Reparación Total – 275 ml,33144.webp,https://cdn.shopify.com/s/files/1/0592/7957/3162/files/serum-total-repair-intensivo.webp?v=1736513353,2048,2048
33154,Sérum capilar para puntas abiertas reparación total - 275 ml,33154.webp,https://cdn.shopify.com/s/files/1/0592/7957/3162/files/serum-puntas-abiertas.webp?v=1736513346,2048,2048
33155,Keratina Pura para el Cabello: Reparación Total y Brillo - 300 ml,33155.webp,https://cdn.shopify.com/s/files/1/0592/7957/3162/files/keratina-total-repair-cabello-danado-seco-300ml.jpg?v=1786525344,2048,2048
33158,Keratina Pura para el Cabello: Reparación Total y Brillo - 1000 ml,33158.webp,https://cdn.shopify.com/s/files/1/0592/7957/3162/files/33158_34bb3dbb-be84-4180-9edd-1271f27f2794.jpg?v=1785481605,2048,2048
33194,Mascarilla Capilar de Oliva – Reparadora e Intensiva - 250 ml,33194.webp,https://cdn.shopify.com/s/files/1/0592/7957/3162/files/33194_Render.jpg?v=1779185122,3000,3000
33198,Mascarilla Capilar de Oliva – Reparadora e Intensiva - 975 ml,33198.webp,https://cdn.shopify.com/s/files/1/0592/7957/3162/files/valquer_mascarilla_capilar_reparadora_intensiva.png?v=1764598387,2048,2048
33216,Champú para Cabellos Teñidos – Potenciador Color y Brillo - 400 ml,33216.webp,https://cdn.shopify.com/s/files/1/0592/7957/3162/files/champu_cabello_tenido_potenciador.webp?v=1779862732,2048,2048
33218,Champú para Cabellos Teñidos – Potenciador Color y Brillo - 1000 ml,33218.webp,https://cdn.shopify.com/s/files/1/0592/7957/3162/files/champu_para_cabellos_tenidos.png?v=1773666549,2048,2048
33225,Mascarilla Capilar Glacial – Potenciador Color y Brillo para Cabellos Teñidos - 275 ml,33225.webp,https://cdn.shopify.com/s/files/1/0592/7957/3162/files/mascarilla-color-y-brillo-efecto-frio-fondo-blanco.webp?v=1781176458,2048,2048
33228,Mascarilla Capilar Glacial – Potenciador Color y Brillo para Cabellos Teñidos - 975 ml,33228.webp,https://cdn.shopify.com/s/files/1/0592/7957/3162/files/mascarilla-color-shine-cabello-tenido-valquer-1000ml.webp?v=1783683038,2048,2048
33235,Acondicionador Bifásico Potenciador Color y Brillo Cabellos Teñidos - 300 ml,33235.webp,https://cdn.shopify.com/s/files/1/0592/7957/3162/files/acondicionador_para_cabello_te_ido.jpg?v=1773665567,2000,2000
33316,Champú Hidratante para Cabello Seco – 0% Sin Sulfatos - 400 ml,33316.webp,https://cdn.shopify.com/s/files/1/0592/7957/3162/files/champu_hidratante_cabello_seco.png?v=1779283651,2048,2048
33318,Champú Hidratante para Cabello Seco – 0% Sin Sulfatos - 1000 ml,33318.webp,https://cdn.shopify.com/s/files/1/0592/7957/3162/files/champu_hidratante_sin_sulfatos.png?v=1764598841,2048,2048
33325,Mascarilla cabello seco - Hidratante efecto frío - 275 ml,33325.webp,https://cdn.shopify.com/s/files/1/0592/7957/3162/files/mascarilla_hidratante_pelo.png?v=1764599392,2048,2048
33328,Mascarilla cabello seco - Hidratante efecto frío - 975 ml,33328.webp,https://cdn.shopify.com/s/files/1/0592/7957/3162/files/mascarilla_para_el_pelo_hidratante.png?v=1764599437,2048,2048
33335,Acondicionador Bifásico Ultrahidratante Cabello Seco - 300 ml,33335.webp,https://cdn.shopify.com/s/files/1/0592/7957/3162/files/acondicionador_hidratante.png?v=1764595562,2048,2048
33343,Sérum con Aceite de Argán y Oro Líquido – 100 ml,33343.webp,https://cdn.shopify.com/s/files/1/0592/7957/3162/files/serum_aceite_de_argan.webp?v=1765797359,2048,2048
33416,Champú Método Curly – Especial Pelo Rizado - 400 ml,33416.webp,https://cdn.shopify.com/s/files/1/0592/7957/3162/files/champu_metodo_curly_rizos.png?v=1764593245,2048,2048
33418,Champú Método Curly – Especial Pelo Rizado - 1000 ml,33418.webp,https://cdn.shopify.com/s/files/1/0592/7957/3162/files/champu_curly_litro.png?v=1764593245,2048,2048
33425,Mascarilla apto Método Curly - Especial pelo rizado - 275 ml,33425.webp,https://cdn.shopify.com/s/files/1/0592/7957/3162/files/mascarilla_pelo_rizado.jpg?v=1779864208,2048,2048
33428,Mascarilla apto Método Curly - Especial pelo rizado - 975 ml,33428.webp,https://cdn.shopify.com/s/files/1/0592/7957/3162/files/mascarilla-cabello-rizado-special-curls-keratina-vegetal-valquer.jpg?v=1786525423,2048,2048
33435,Acondicionador Rizos Apto para Método Curly Sin Aclarado – 300 ml,33435.webp,https://cdn.shopify.com/s/files/1/0592/7957/3162/files/acondicionador_curly.png?v=1764594791,2048,2048
33444,Gel Booster (Activador de Rizos) Apto Método Curly - 300 ml,33444.webp,https://cdn.shopify.com/s/files/1/0592/7957/3162/files/gel_curly.png?v=1764594329,2048,2048
33454,Sérum Método Curly (especial rizos) - 30 ml,33454.webp,https://cdn.shopify.com/s/files/1/0592/7957/3162/files/serum_curly.jpg?v=1770209704,2048,2048
33516,Champú de Volumen para Cabello Fino - 0% Sin Sulfatos - 400 ml,33516.webp,https://cdn.shopify.com/s/files/1/0592/7957/3162/files/33516_Render.webp?v=1779184959,2048,2048
33518,Champú de Volumen para Cabello Fino - 0% Sin Sulfatos - 1000 ml,33518.webp,https://cdn.shopify.com/s/files/1/0592/7957/3162/files/champu-extra-volumen-0-sin-sulfatos-fondo-blanco.webp?v=1781182332,2048,2048
33535,Acondicionador Bifásico Volumen-Up para Cabello Fino- 300 ml,33535.webp,https://cdn.shopify.com/s/files/1/0592/7957/3162/files/acondicionador-bifasico-extra-volumen-cabello-fino-valquer.jpg?v=1786525516,2048,2048
33566,Champú para Pelo Liso – 0% Sin Sulfatos - 400 ml,33566.webp,https://cdn.shopify.com/s/files/1/0592/7957/3162/files/33566_render.webp?v=1780921388,2048,2048
33568,Champú para Pelo Liso – 0% Sin Sulfatos - 1000 ml,33568.webp,https://cdn.shopify.com/s/files/1/0592/7957/3162/files/mejor_champu_pelo_liso.png?v=1764597264,2048,2048
33585,Mascarilla Capilar Glacial para Cabellos Lisos – Hidratante y Energizante - 275 ml,33585.webp,https://cdn.shopify.com/s/files/1/0592/7957/3162/files/mascarilla-cabello-liso-efecto-frio-fondo-blanco.webp?v=1781176050,2048,2048
33588,Mascarilla Capilar Glacial para Cabellos Lisos – Hidratante y Energizante - 975 ml,33588.webp,https://cdn.shopify.com/s/files/1/0592/7957/3162/files/mascarilla-cabello-liso-straight-hair-phytocold-valquer.jpg?v=1786525544,2048,2048
33616,Champú Cabello Blanco y Gris – 0% Sin Sulfatos - 400 ml,33616.webp,https://cdn.shopify.com/s/files/1/0592/7957/3162/files/champu_cabello_blanco_gris.webp?v=1780920076,2048,2048
33618,Champú Cabello Blanco y Gris – 0% Sin Sulfatos - 1000 ml,33618.webp,https://cdn.shopify.com/s/files/1/0592/7957/3162/files/champu_pelo_blanco_y_gris_litro.png?v=1773324793,2048,2048
33676,Champú Matizador 0% Sin Sulfatos – Silver Platinum - 400 ml,33676.webp,https://cdn.shopify.com/s/files/1/0592/7957/3162/files/33676_render.webp?v=1780923377,2048,2048
33678,Champú Matizador 0% Sin Sulfatos – Silver Platinum - 1000 ml,33678.webp,https://cdn.shopify.com/s/files/1/0592/7957/3162/files/champu_matizador_bote.png?v=1779861945,2048,2048
33685,Mascarilla Capilar Silver Platinum – 275 ml,33685.webp,https://cdn.shopify.com/s/files/1/0592/7957/3162/files/mascarilla-silver-platinum-efecto-frio-fondo-blanco.webp?v=1781177423,2048,2048
33695,Loción Capilar Silver Platinum – 300 ml,33695.webp,https://cdn.shopify.com/s/files/1/0592/7957/3162/files/locion-silver-platinum-cabello-rubio-valquer-300ml.jpg?v=1783682950,2048,2048
33716,Champú con Ácido Hialurónico - 0% Sin Sulfatos - 400 ml,33716.webp,https://cdn.shopify.com/s/files/1/0592/7957/3162/files/hyaluronico_champu.webp?v=1779283065,2048,2048
33718,Champú con Ácido Hialurónico - 0% Sin Sulfatos - 1000 ml,33718.webp,https://cdn.shopify.com/s/files/1/0592/7957/3162/files/champu_con_acido_hialuronico_litro.png?v=1769063839,2048,2048
33725,Mascarilla Capilar con Ácido Hialurónico - 275 ml,33725.webp,https://cdn.shopify.com/s/files/1/0592/7957/3162/files/mascarilla_capilar_con_acido_hialuronico.webp?v=1781175592,2048,2048
33728,Mascarilla Capilar con Ácido Hialurónico - 975 ml,33728.webp,https://cdn.shopify.com/s/files/1/0592/7957/3162/files/mascarilla_acido_hialuronico_litro.png?v=1768828688,2048,2048
33816,Champú Anticaída - 0% Sin Sulfatos - 400 ml,33816.webp,https://cdn.shopify.com/s/files/1/0592/7957/3162/files/champu_anticaida_hombre.png?v=1774337573,2048,2048
33818,Champú Anticaída - 0% Sin Sulfatos - 1000 ml,33818.webp,https://cdn.shopify.com/s/files/1/0592/7957/3162/files/champu_anticaida.png?v=1774337573,2048,2048
33893,Shock Caída ADN Molecular – Loción Anticaída Capilar - 100 ml,33893.webp,https://cdn.shopify.com/s/files/1/0592/7957/3162/files/locion_aticaida.webp?v=1779283384,4096,4096
33894,Shock Caída ADN Molecular – Loción Anticaída Capilar - 12 x 15 ml,33894.webp,https://cdn.shopify.com/s/files/1/0592/7957/3162/files/tratamiento-anticaida-stop-loss-adn-molecular-stimucap-valquer.jpg?v=1786525562,2048,2048
33916,Champú Anticaspa - 0% Sin Sulfatos ni sal - 400 ml,33916.webp,https://cdn.shopify.com/s/files/1/0592/7957/3162/files/champu-anticaspa-0-sin-sulfatos-fondo-blanco.webp?v=1780920872,2048,2048
33918,Champú Anticaspa - 0% Sin Sulfatos ni sal - 1000 ml,33918.webp,https://cdn.shopify.com/s/files/1/0592/7957/3162/files/champu_anticaspa.png?v=1765354664,2048,2048
33956,Champú para Cabello Graso - 0% Sin Sulfatos - 400 ml,33956.webp,https://cdn.shopify.com/s/files/1/0592/7957/3162/files/champu_pelo_graso.jpg?v=1763729485,2048,2048
33958,Champú para Cabello Graso - 0% Sin Sulfatos - 1000 ml,33958.webp,https://cdn.shopify.com/s/files/1/0592/7957/3162/files/pelo_graso_champu.png?v=1764595963,2048,2048
33970,Champú sólido Acid (extracto de limón y canela) - 50 g,33970.webp,https://cdn.shopify.com/s/files/1/0592/7957/3162/files/champu-solido-acid.png?v=1736513120,650,650
33971,Champú sólido Sunrise (extracto de naranja y papaya) - 50 g,33971.webp,https://cdn.shopify.com/s/files/1/0592/7957/3162/files/champu-sunrise-solido.jpg?v=1736513111,650,650
33972,Champú Sólido Hemp con Extracto de Cannabis y Aceite de Cáñamo - 50 g,33972.webp,https://cdn.shopify.com/s/files/1/0592/7957/3162/files/champu-solido-hemp.jpg?v=1736513104,650,650
33973,Champú Sólido Luxe con extracto de Arándano y Aguacate - 50 g,33973.webp,https://cdn.shopify.com/s/files/1/0592/7957/3162/files/champu-solido.jpg?v=1736513094,650,650
33975,Gel sólido Velvet para Pieles Sensibles (con Rosa Mosqueta) - 50 g,33975.webp,https://cdn.shopify.com/s/files/1/0592/7957/3162/products/gel-pieles-sensibles.webp?v=1736513053,540,540
33977,Gel sólido Summer (con Aceite de Coco) - 50 g,33977.webp,https://cdn.shopify.com/s/files/1/0592/7957/3162/products/gel-de-coco.webp?v=1736513040,540,540
33978,Gel sólido Lover (extracto de regaliz y aceite de argán) - 50 g,33978.webp,https://cdn.shopify.com/s/files/1/0592/7957/3162/files/gel-solido-lover.jpg?v=1736513030,650,650
33979,Limpiador Facial Sólido 3 en 1 Sugar - 50 g,33979.webp,https://cdn.shopify.com/s/files/1/0592/7957/3162/files/limpiador-3-en-1.jpg?v=1752492682,650,650
33980,Agua micelar sólida Ice todo tipo de pieles - 50 g,33980.webp,https://cdn.shopify.com/s/files/1/0592/7957/3162/files/agua-facial-micelar-solida.jpg?v=1752492672,650,650
33992,Champú Sólido 2 en 1 Cebolla – 70 g,33992.webp,https://cdn.shopify.com/s/files/1/0592/7957/3162/files/solido-cebolla-2en1.jpg?v=1728305825,650,650
33993,Champú Sólido 2 en 1 Reparador – 70 g,33993.webp,https://cdn.shopify.com/s/files/1/0592/7957/3162/files/solido-reparador-2en1.jpg?v=1749212922,650,650
33994,Champú sólido 2 en 1 Método Curly (Especial rizos) - 70 g,33994.webp,https://cdn.shopify.com/s/files/1/0592/7957/3162/files/champu-solido-metodo-curly.webp?v=1749212914,540,540
34005,Partículas de Champú Total Repair - 150 g,34005.webp,https://cdn.shopify.com/s/files/1/0592/7957/3162/files/particulas-champu-total-repair-cabello-danado-seco-valquer.jpg?v=1786524093,2048,2048
34008,Hyaludrops Loción Corporal Naranja y Vainilla – Hidratación 72H - 700 ml,34008.webp,https://cdn.shopify.com/s/files/1/0592/7957/3162/files/hyaludropslocioncorporalnaranjayvainilla.webp?v=1749124818,2048,2048
34009,Hyaludrops Loción Corporal Fresa y Karité – Hidratación 72H - 700 ml,34009.webp,https://cdn.shopify.com/s/files/1/0592/7957/3162/files/hyaludropslocioncorporalfresaykarite.webp?v=1749124813,2048,2048
34010,Hyaludrops Loción Corporal Coco y Algodón – Hidratación 72H - 700 ml,34010.webp,https://cdn.shopify.com/s/files/1/0592/7957/3162/files/Hyaludrops_Locion_Corporal_Coco_y_Algod_n.webp?v=1779346041,2048,2048
34011,Hyaludrops Loción Corporal Sin Perfume – Hidratación 72H - 700 ml,34011.webp,https://cdn.shopify.com/s/files/1/0592/7957/3162/files/hyaludropslocioncorporalsinperfume.webp?v=1749124209,2048,2048
34101,Tinte 1.0 Negro  - 60 ml,34101.webp,https://cdn.shopify.com/s/files/1/0592/7957/3162/files/34101.jpg?v=1749212892,2048,2048
34103,Tinte 3.0 Castaño Oscuro  - 60 ml,34103.webp,https://cdn.shopify.com/s/files/1/0592/7957/3162/files/Tinte_3.0_Casta_o_Oscuro.jpg?v=1779873483,2048,2048
34104,Tinte 4.0 Castaño Medio - 60 ml,34104.webp,https://cdn.shopify.com/s/files/1/0592/7957/3162/files/Tinte_4.0_Casta_o_Medio.jpg?v=1779874041,2048,2048
34105,Tinte 5.0 Castaño Claro - 60 ml,34105.webp,https://cdn.shopify.com/s/files/1/0592/7957/3162/files/Tinte_5.0_Casta_o_Claro.jpg?v=1779873860,2048,2048
34106,Tinte 6.0C Rubio Oscuro Frío - 60 ml,34106.webp,https://cdn.shopify.com/s/files/1/0592/7957/3162/files/Tinte_6.0C_Rubio_Oscuro_Fr_o.jpg?v=1779872586,2048,2048
34107,Tinte 7.0C Rubio Medio Frío - 60 ml,34107.webp,https://cdn.shopify.com/s/files/1/0592/7957/3162/files/Tinte_7.0C_Rubio_Medio_Fr_o.jpg?v=1779874409,2048,2048
34108,Tinte 8.0C Rubio Claro Frío - 60 ml,34108.webp,https://cdn.shopify.com/s/files/1/0592/7957/3162/files/Tinte_8.0C_Rubio_Claro_Fr_o.jpg?v=1779874211,2048,2048
34109,Tinte 9.0C Rubio Muy Claro Frío - 60 ml,34109.webp,https://cdn.shopify.com/s/files/1/0592/7957/3162/files/Tinte_9.0C_Rubio_Muy_Claro_Fr_o.jpg?v=1779874977,2048,2048
34110,Tinte 10.0C Rubio Platino Frío - 60 ml,34110.webp,https://cdn.shopify.com/s/files/1/0592/7957/3162/files/34110.jpg?v=1749212728,2048,2048
34111,Tinte 6.1 Rubio Oscuro Ceniza - 60 ml,34111.webp,https://cdn.shopify.com/s/files/1/0592/7957/3162/files/Tinte_6.1_Rubio_Oscuro_Ceniza.jpg?v=1779873295,2048,2048
34112,Tinte 7.1 Rubio Medio Ceniza - 60 ml,34112.webp,https://cdn.shopify.com/s/files/1/0592/7957/3162/files/Tinte_7.1_Rubio_Medio_Ceniza.jpg?v=1779872249,2048,2048
34113,Tinte 8.1 Rubio Claro Ceniza - 60 ml,34113.webp,https://cdn.shopify.com/s/files/1/0592/7957/3162/files/Tinte_8.1_Rubio_Claro_Ceniza.jpg?v=1779874576,2048,2048
34114,Tinte 9.1 Rubio Muy Claro Ceniza - 60 ml,34114.webp,https://cdn.shopify.com/s/files/1/0592/7957/3162/files/Tinte_9.1_Rubio_Muy_Claro_Ceniza.jpg?v=1779874775,2048,2048
34115,Tinte 10.1 Rubio Platino Ceniza - 60 ml,34115.webp,https://cdn.shopify.com/s/files/1/0592/7957/3162/files/Tinte_10.1_Rubio_Platino_Ceniza.jpg?v=1779873658,2048,2048
34118,Tinte 7.3 Rubio Medio Dorado - 60 ml,34118.webp,https://cdn.shopify.com/s/files/1/0592/7957/3162/files/34118.jpg?v=1749214686,2048,2048
34119,Tinte 8.3 Rubio Claro Dorado - 60 ml,34119.webp,https://cdn.shopify.com/s/files/1/0592/7957/3162/files/34119.jpg?v=1749214679,2048,2048
34120,Tinte 9.3 Rubio Muy Claro Dorado - 60 ml,34120.webp,https://cdn.shopify.com/s/files/1/0592/7957/3162/files/34120.jpg?v=1749214674,2048,2048
34121,Tinte 10.3 Rubio Platino Dorado - 60 ml,34121.webp,https://cdn.shopify.com/s/files/1/0592/7957/3162/files/34121.jpg?v=1749214663,2048,2048
34122,Tinte 6.6 Rubio Oscuro Rojizo - 60 ml,34122.webp,https://cdn.shopify.com/s/files/1/0592/7957/3162/files/34122.jpg?v=1749214660,2048,2048
34123,Tinte 7.6 Rubio Medio Rojizo - 60 ml,34123.webp,https://cdn.shopify.com/s/files/1/0592/7957/3162/files/34123.jpg?v=1749214652,2048,2048
34124,Tinte 6.66 Rubio Oscuro Rojizo Intenso - 60 ml,34124.webp,https://cdn.shopify.com/s/files/1/0592/7957/3162/files/34124.jpg?v=1749212467,2048,2048
34125,Tinte 7.66 Rubio Medio Rojizo Intenso  - 60 ml,34125.webp,https://cdn.shopify.com/s/files/1/0592/7957/3162/files/34125.jpg?v=1749212403,2048,2048
34126,Tinte 4.5 Castaño Medio Caoba - 60 ml,34126.webp,https://cdn.shopify.com/s/files/1/0592/7957/3162/files/34126.jpg?v=1749212463,2048,2048
34127,Tinte 5.5 Castaño Claro Caoba - 60 ml,34127.webp,https://cdn.shopify.com/s/files/1/0592/7957/3162/files/34127.jpg?v=1749212454,2048,2048
34128,Tinte 6.5 Rubio Oscuro Caoba - 60 ml,34128.webp,https://cdn.shopify.com/s/files/1/0592/7957/3162/files/34128.jpg?v=1749212443,2048,2048
34129,Tinte 7.4 Rubio Medio Cobrizo  - 60 ml,34129.webp,https://cdn.shopify.com/s/files/1/0592/7957/3162/files/34129.jpg?v=1749212413,2048,2048
34130,Tinte 8.4 Rubio Claro Cobrizo - 60 ml,34130.webp,https://cdn.shopify.com/s/files/1/0592/7957/3162/files/34130.jpg?v=1749212406,2048,2048
34131,Tinte 6.44 Rubio Oscuro Cobrizo Intenso - 60 ml,34131.webp,https://cdn.shopify.com/s/files/1/0592/7957/3162/files/34131.jpg?v=1749212393,2048,2048
34132,Tinte 7.44 Rubio Medio Cobrizo Intenso - 60 ml,34132.webp,https://cdn.shopify.com/s/files/1/0592/7957/3162/files/34132.jpg?v=1749212336,2048,2048
34133,Tinte 8.44 Rubio Claro Cobrizo Intenso - 60 ml,34133.webp,https://cdn.shopify.com/s/files/1/0592/7957/3162/files/34133.jpg?v=1749214625,2048,2048
34134,Tinte 3.2 Castaño Oscuro Violeta - 60 ml,34134.webp,https://cdn.shopify.com/s/files/1/0592/7957/3162/files/34134.jpg?v=1749214618,2048,2048
34135,Tinte 4.2 Castaño Medio Violeta - 60 ml,34135.webp,https://cdn.shopify.com/s/files/1/0592/7957/3162/files/34135.jpg?v=1749214618,2048,2048
34136,Tinte 5.2 Castaño Claro Violeta - 60 ml,34136.webp,https://cdn.shopify.com/s/files/1/0592/7957/3162/files/34136.jpg?v=1749214606,2048,2048
34137,Tinte 6.2 Rubio Oscuro Violeta - 60 ml,34137.webp,https://cdn.shopify.com/s/files/1/0592/7957/3162/files/34137.jpg?v=1749214598,2048,2048
34138,Tinte 5.9 Castaño Claro Marrón - 60 ml,34138.webp,https://cdn.shopify.com/s/files/1/0592/7957/3162/files/34138.jpg?v=1749214590,2048,2048
34139,Tinte 6.9 Rubio Oscuro Marrón - 60 ml,34139.webp,https://cdn.shopify.com/s/files/1/0592/7957/3162/files/34139.jpg?v=1749214586,2048,2048
34140,Tinte 7.9 Rubio Medio Marrón - 60 ml,34140.webp,https://cdn.shopify.com/s/files/1/0592/7957/3162/files/Tinte_7.9_Rubio_Medio_Marr_n.jpg?v=1779875395,2048,2048
34141,Tinte 6.99 Rubio Oscuro Marrón Intenso - 60 ml,34141.webp,https://cdn.shopify.com/s/files/1/0592/7957/3162/files/34141.jpg?v=1749214574,2048,2048
34142,Tinte 7.99 Rubio Medio Marrón Intenso - 60 ml,34142.webp,https://cdn.shopify.com/s/files/1/0592/7957/3162/files/34142.jpg?v=1749214570,2048,2048
34144,Tinte 6.8 Rubio Oscuro Marrón Frío - 60 ml,34144.webp,https://cdn.shopify.com/s/files/1/0592/7957/3162/files/34144.jpg?v=1749212194,2048,2048
34145,Tinte 7.8 Rubio Medio Marrón Frío - 60 ml,34145.webp,https://cdn.shopify.com/s/files/1/0592/7957/3162/files/34145.jpg?v=1749212190,2048,2048
34146,Tinte 8.7 Rubio Claro Beige  - 60 ml,34146.webp,https://cdn.shopify.com/s/files/1/0592/7957/3162/files/34146.jpg?v=1749212183,2048,2048
34147,Tinte 9.7 Rubio Muy Claro Beige - 60 ml,34147.webp,https://cdn.shopify.com/s/files/1/0592/7957/3162/files/34147.jpg?v=1749212179,2048,2048
34148,Tinte 10.7 Rubio Platino Beige  - 60 ml,34148.webp,https://cdn.shopify.com/s/files/1/0592/7957/3162/files/34148.jpg?v=1749212110,2048,2048
34149,Tinte 5.34 Arena - 60 ml,34149.webp,https://cdn.shopify.com/s/files/1/0592/7957/3162/files/34149.jpg?v=1749212012,2048,2048
34150,Tinte 6.34 Tierra - 60 ml,34150.webp,https://cdn.shopify.com/s/files/1/0592/7957/3162/files/34150.jpg?v=1749211955,2048,2048
34151,Tinte 8.34 Amanecer - 60 ml,34151.webp,https://cdn.shopify.com/s/files/1/0592/7957/3162/files/34151.jpg?v=1749211950,2048,2048
34152,Tinte 9.34 Luz De Dia - 60 ml,34152.webp,https://cdn.shopify.com/s/files/1/0592/7957/3162/files/34152.jpg?v=1749211944,2048,2048
34153,Tinte 4.93 Chocolate Intenso  - 60 ml,34153.webp,https://cdn.shopify.com/s/files/1/0592/7957/3162/files/34153.jpg?v=1749211937,2048,2048
34154,Tinte 5.93 Chocolate Natural  - 60 ml,34154.webp,https://cdn.shopify.com/s/files/1/0592/7957/3162/files/34154.jpg?v=1749211665,2048,2048
34155,Tinte 6.93 Chocolate Dorado - 60 ml,34155.webp,https://cdn.shopify.com/s/files/1/0592/7957/3162/files/34155.jpg?v=1749211660,2048,2048
34159,Tinte 12.0 Superaclarante Natural - 60 ml,34159.webp,https://cdn.shopify.com/s/files/1/0592/7957/3162/files/34159.jpg?v=1749211652,2048,2048
34160,Tinte 12.1 Superaclarante Ceniza - 60 ml,34160.webp,https://cdn.shopify.com/s/files/1/0592/7957/3162/files/34160.jpg?v=1749211638,2048,2048
34162,Tinte 1.V Negro Violeta - 60 ml,34162.webp,https://cdn.shopify.com/s/files/1/0592/7957/3162/files/34162.jpg?v=1749211605,2048,2048
34163,Tinte 1.M Negro Metalico  - 60 ml,34163.webp,https://cdn.shopify.com/s/files/1/0592/7957/3162/files/34163.jpg?v=1749211594,2048,2048
34164,Tinte 1.A Negro Azulado - 60 ml,34164.webp,https://cdn.shopify.com/s/files/1/0592/7957/3162/files/34164.jpg?v=1749211584,2048,2048
34165,Tinte Yl Amarillo  - 60 ml,34165.webp,https://cdn.shopify.com/s/files/1/0592/7957/3162/files/34165.jpg?v=1749211580,2048,2048
34166,Tinte Bl Azul - 60 ml,34166.webp,https://cdn.shopify.com/s/files/1/0592/7957/3162/files/34166.jpg?v=1749211573,2048,2048
34167,Tinte Rd Intensificador Rojo - 60 ml,34167.webp,https://cdn.shopify.com/s/files/1/0592/7957/3162/files/34167.jpg?v=1749211511,2048,2048
34168,Tinte Or Naranja- 60 ml,34168.webp,https://cdn.shopify.com/s/files/1/0592/7957/3162/files/34168.jpg?v=1749214524,2048,2048
34169,Tinte Vi Violeta - 60 ml,34169.webp,https://cdn.shopify.com/s/files/1/0592/7957/3162/files/34169.jpg?v=1749214517,2048,2048
34170,Tinte Gr Verde - 60 ml,34170.webp,https://cdn.shopify.com/s/files/1/0592/7957/3162/files/34170.jpg?v=1749214509,2048,2048
34171,Tinte Br Intensificador Marrón - 60 ml,34171.webp,https://cdn.shopify.com/s/files/1/0592/7957/3162/files/34171.jpg?v=1749214503,2048,2048
34172,Tinte 8.46 Cooper Fire - 60 ml,34172.webp,https://cdn.shopify.com/s/files/1/0592/7957/3162/files/34172.jpg?v=1749214497,2048,2048
34173,Tinte 8.64 Red Sunrise - 60 ml,34173.webp,https://cdn.shopify.com/s/files/1/0592/7957/3162/files/34173.jpg?v=1749214490,2048,2048
34174,Tinte Sm Silver Moon - 60 ml,34174.webp,https://cdn.shopify.com/s/files/1/0592/7957/3162/files/34174.jpg?v=1749214482,2048,2048
34175,Tinte Ss Silver Sea - 60 ml,34175.webp,https://cdn.shopify.com/s/files/1/0592/7957/3162/files/34175.jpg?v=1749214477,2048,2048
34176,Tinte SP Silver Pearl - 60 ml,34176.webp,https://cdn.shopify.com/s/files/1/0592/7957/3162/files/34176.jpg?v=1749214471,2048,2048
34177,Tinte SR Silver Rock - 60 ml,34177.webp,https://cdn.shopify.com/s/files/1/0592/7957/3162/files/Tinte_SR_Silver.jpg?v=1779863501,2048,2048
34178,Tinte SL Silver Lavender- 60 ml,34178.webp,https://cdn.shopify.com/s/files/1/0592/7957/3162/files/Tinte_SL_Silver.jpg?v=1779863317,2048,2048
34179,Tinte Pink - 60 ml,34179.webp,https://cdn.shopify.com/s/files/1/0592/7957/3162/files/34179.jpg?v=1749211467,2048,2048
34180,Tinte Qc Q-Contrast  - 60 ml,34180.webp,https://cdn.shopify.com/s/files/1/0592/7957/3162/files/34180.jpg?v=1749211457,2048,2048
34181,Tinte 6.0W Rubio Oscuro Cálido  - 60 ml,34181.webp,https://cdn.shopify.com/s/files/1/0592/7957/3162/files/34181.jpg?v=1749211452,2048,2048
34182,Tinte 7.0W Rubio Medio Cálido - 60 ml,34182.webp,https://cdn.shopify.com/s/files/1/0592/7957/3162/files/34182.jpg?v=1749211446,2048,2048
34183,Tinte 8.0W Rubio Claro Cálido  - 60 ml,34183.webp,https://cdn.shopify.com/s/files/1/0592/7957/3162/files/34183.jpg?v=1749211436,2048,2048
34184,Tinte 9.0W Rubio Muy Claro Cálido - 60 ml,34184.webp,https://cdn.shopify.com/s/files/1/0592/7957/3162/files/34184.jpg?v=1749211431,2048,2048
34185,Tinte 10.0W Rubio Platino Cálido  - 60 ml,34185.webp,https://cdn.shopify.com/s/files/1/0592/7957/3162/files/34185.jpg?v=1749211425,2048,2048
34186,Tinte 5.00 Castaño Claro Doble Cobertura - 60 ml,34186.webp,https://cdn.shopify.com/s/files/1/0592/7957/3162/files/Tinte_5.00_Casta_o_Claro_Doble_Cobertura.jpg?v=1779872420,2048,2048
34187,Tinte 6.00 Rubio Oscuro Doble Cobertura - 60 ml,34187.webp,https://cdn.shopify.com/s/files/1/0592/7957/3162/files/Tinte_6.00_Rubio_Oscuro_Doble_Cobertura.jpg?v=1779871546,2048,2048
34188,Tinte 7.00 Rubio Medio Doble Cobertura - 60 ml,34188.webp,https://cdn.shopify.com/s/files/1/0592/7957/3162/files/Tinte_7.00_Rubio_Medio_Doble_Cobertura.jpg?v=1779871371,2048,2048
34189,Tinte 8.00 Rubio Claro Doble Cobertura  - 60 ml,34189.webp,https://cdn.shopify.com/s/files/1/0592/7957/3162/files/Tinte_8.00_Rubio_Claro_Doble_Cobertura.jpg?v=1779871746,2048,2048
34190,Tinte 9.00 Rubio Muy Claro Doble Cobertura  - 60 ml,34190.webp,https://cdn.shopify.com/s/files/1/0592/7957/3162/files/Tinte_9.00_Rubio_Muy_Claro_Doble_Cobertura.jpg?v=1779875180,2048,2048
34191,Tinte 12.11 Superaclarante Ceniza Intenso  - 60 ml,34191.webp,https://cdn.shopify.com/s/files/1/0592/7957/3162/files/34191_1.jpg?v=1761295328,2048,2048
34192,Tinte 12.12 Superaclarante Ceniza Violeta  - 60 ml,34192.webp,https://cdn.shopify.com/s/files/1/0592/7957/3162/files/34192.jpg?v=1749214381,2048,2048
34193,Tinte 0.0 Neutro - 60 ml,34193.webp,https://cdn.shopify.com/s/files/1/0592/7957/3162/files/34193.jpg?v=1749214378,2048,2048
34217,Decoblue Vplex Tecnology Polvos decolorantes - 24 x 20 g,34217.webp,https://cdn.shopify.com/s/files/1/0592/7957/3162/files/decoloracion-capilar-deco-blue-vplex-480g-valquer.jpg?v=1786524528,2048,2048
34218,Decoblue Vplex Tecnology Polvos decolorantes - 1000 g,34218.webp,https://cdn.shopify.com/s/files/1/0592/7957/3162/products/34218.jpg?v=1765355702,1000,1000
34228,Decolorante SIN amoniaco - Polvos Decogreen 0% - 1000 g,34228.webp,https://cdn.shopify.com/s/files/1/0592/7957/3162/files/34228-T.jpg?v=1737476091,2048,2048
34318,Oxidante Premium Ultra-Cremoso 10 vol (3 %) – 1000 ml,34318.webp,https://cdn.shopify.com/s/files/1/0592/7957/3162/files/oxidante-premium-10-vol-3-valquer-1000ml..webp?v=1783683312,2048,2048
34328,Oxidante Premium Ultra‑Cremoso 20 vol (6 %) – 1000 ml,34328.webp,https://cdn.shopify.com/s/files/1/0592/7957/3162/files/oxidante-premium-20-vol-6-valquer-1000ml.webp?v=1783683292,2048,2048
34338,Oxidante Premium Ultra-Cremoso 30 vol (9%)  - 1000 ml,34338.webp,https://cdn.shopify.com/s/files/1/0592/7957/3162/files/oxidante-premium-30-vol-9-valquer-1000ml.webp?v=1783683255,2048,2048
34348,Oxidante Premium Ultra‑Cremoso 40 vol (12 %) – 1000 ml,34348.webp,https://cdn.shopify.com/s/files/1/0592/7957/3162/files/oxidante-premium-40-vol-12-valquer-1000ml.webp?v=1783683275,2048,2048
34415,Mascarilla color Negro - Power Color - 275 ml,34415.webp,https://cdn.shopify.com/s/files/1/0592/7957/3162/files/mascarilla-color-negro-power-color-black-valquer.jpg?v=1786525583,2048,2048
34416,Champú color Negro - Power Color - 400 ml,34416.webp,https://cdn.shopify.com/s/files/1/0592/7957/3162/files/champu-power-color-black-cabello-negro-valquer.jpg?v=1786525666,2048,2048
34425,Mascarilla color Castaño - Power Color - 275 ml,34425.webp,https://cdn.shopify.com/s/files/1/0592/7957/3162/files/mascarilla-power-color-violet-cabello-violeta-valquer.jpg?v=1786525708,2048,2048
34426,Champú Color Castaño - Power Color - 400 ml,34426.webp,https://cdn.shopify.com/s/files/1/0592/7957/3162/files/champu-power-color-brown-cabello-castano-valquer.jpg?v=1786525727,2048,2048
34455,Mascarilla Color Violeta – Power Color – 275 ml,34455.webp,https://cdn.shopify.com/s/files/1/0592/7957/3162/files/mascarilla-power-color-violet-cabello-violeta.jpg?v=1786525760,2048,2048
34456,Champú color Violeta - Power Color - 400 ml,34456.webp,https://cdn.shopify.com/s/files/1/0592/7957/3162/files/champu-power-color-violet-cabello-violeta-valquer.jpg?v=1786525780,2048,2048
34465,Mascarilla color Fucsia / Rosa - Power Color - 275 ml,34465.webp,https://cdn.shopify.com/s/files/1/0592/7957/3162/files/mascarilla-power-color-fuchsia-cabello-fucsia-valquer.jpg?v=1786525800,2048,2048
34466,Champú Color Fucsia / Rosa – Power Color – 400 ml,34466.webp,https://cdn.shopify.com/s/files/1/0592/7957/3162/files/champu-power-color-fuchsia-cabello-fucsia-valquer.jpg?v=1786525926,2048,2048
34475,Mascarilla color Rojo - Power Color - 275 ml,34475.webp,https://cdn.shopify.com/s/files/1/0592/7957/3162/files/mascarilla-power-color-red-cabello-rojo-valquer.jpg?v=1786525941,2048,2048
34476,Champú color Rojo - Power Color - 400 ml,34476.webp,https://cdn.shopify.com/s/files/1/0592/7957/3162/files/champu-power-color-red-cabello-rojo-valquer.jpg?v=1786525957,2048,2048
34485,Mascarilla color Cobre - Power Color - 275 ml,34485.webp,https://cdn.shopify.com/s/files/1/0592/7957/3162/files/mascarilla-power-color-copper-cabello-cobrizo-valquer.jpg?v=1786525977,2048,2048
34486,Champú color Cobre - Power Color - 400 ml,34486.webp,https://cdn.shopify.com/s/files/1/0592/7957/3162/files/champu-power-color-copper-cabello-cobrizo-valquer.jpg?v=1786525992,2048,2048
34495,Mascarilla color gris plata - Power Color - 275 ml,34495.webp,https://cdn.shopify.com/s/files/1/0592/7957/3162/files/mascarilla-power-color-silver-cabello-plateado-valquer.jpg?v=1786526012,2048,2048
34496,Champú color Gris - Power Color- 400 ml,34496.webp,https://cdn.shopify.com/s/files/1/0592/7957/3162/files/champu_color_gris.jpg?v=1767940568,2000,2000
36116,Champú para Niños (Extra Suave) con Ingredientes Naturales – 400 ml,36116.webp,https://cdn.shopify.com/s/files/1/0592/7957/3162/files/champu_para_ninos.png?v=1765438189,2048,2048
36135,Acondicionador Bifásico Infantil (SIN Aclarado) – 300 ml,36135.webp,https://cdn.shopify.com/s/files/1/0592/7957/3162/files/acondicionador_infantil.png?v=1765437416,2048,2048
36216,Champú Preventivo Infantil – 400 ml,36216.webp,https://cdn.shopify.com/s/files/1/0592/7957/3162/files/champu_preventivo.png?v=1765437582,2048,2048
36235,Acondicionador Bifásico Preventivo Infantil Sin Aclarado con Aceite de Árbol de Té y de Limón - 300 ml,36235.webp,https://cdn.shopify.com/s/files/1/0592/7957/3162/files/acondicionador-bifasico-infantil-preventive-valquer-300ml.webp?v=1783682664,2048,2048
37104,Kit Profesional para Permanente Nº0  – Cabello Difícil | 2 Pasos + Acondicionador Efecto Seda - 210 ml,37104.webp,https://cdn.shopify.com/s/files/1/0592/7957/3162/files/kit_permanente_cabello_dificil.webp?v=1765798336,2048,2048
37107,Líquido para permanente Nº0 (Difíciles) - 500 ml,37107.webp,https://cdn.shopify.com/s/files/1/0592/7957/3162/files/liquido-permanente-n0-cabellos-dificiles-vplex-valquer.jpg?v=1786526033,2048,2048
37114,Kit Profesional para Permanente Nº 1 – Cabellos Normales | Rizado Duradero en 3 Pasos - 210 ml,37114.webp,https://cdn.shopify.com/s/files/1/0592/7957/3162/files/kit_permanente_rizos.jpg?v=1765799217,1920,1920
37117,Líquido para permanente Nº1 (Normales) - 500 ml,37117.webp,https://cdn.shopify.com/s/files/1/0592/7957/3162/files/liquido_para_hacer_permanente_en_el_cabello.png?v=1765787411,2048,2048
37124,Kit Profesional para Permanente – Nº 2 (Cabello Teñido) - 210 ml,37124.webp,https://cdn.shopify.com/s/files/1/0592/7957/3162/files/kit_permanente_de_cabello_te_ido.webp?v=1765799306,2048,2048
37127,Líquido para permanente Nº2 (Cabello Teñido) - 500 ml,37127.webp,https://cdn.shopify.com/s/files/1/0592/7957/3162/files/liquido_permanente_para_cabello_te_ido.webp?v=1765787873,2048,2048
37134,"Kit Profesional para Permanente Nº3 – Cabello Dañado | Recupera, Riza y Repara - 210 ml",37134.webp,https://cdn.shopify.com/s/files/1/0592/7957/3162/files/kit_de_rizado_permanente_cabello_estropeado.webp?v=1765798974,2048,2048
37137,Líquido para permanente Nº3 (Cabello Dañado) - 500 ml,37137.webp,https://cdn.shopify.com/s/files/1/0592/7957/3162/files/liquido_permanente_rizos_da_ado.webp?v=1765788355,2048,2048
37213,Neutralizante para permanente - 100 ml,37213.webp,https://cdn.shopify.com/s/files/1/0592/7957/3162/files/neutralizante-permanente.webp?v=1728305168,2048,2048
37218,Neutralizante para permanente - 100 ml - 1000 ml,37218.webp,https://cdn.shopify.com/s/files/1/0592/7957/3162/files/37218_cf0eb9a3-5dc6-47a9-bfcb-8e07750a56ed.webp?v=1747292212,2048,2048
38014,Loción Capilar de Placenta Vegetal - 12x15 ml,38014.webp,https://cdn.shopify.com/s/files/1/0592/7957/3162/files/locion-capilar-placenta.jpg?v=1728305155,800,800
38018,Champú equilibrante - 1000 ml,38018.webp,https://cdn.shopify.com/s/files/1/0592/7957/3162/files/champu-equilibrante-aloe-vera-valquer-1000ml.webp?v=1783682756,2048,2048
38028,Champú fortalecedor - 1000 ml,38028.webp,https://cdn.shopify.com/s/files/1/0592/7957/3162/files/champu-fortalecedor-biotina-keratina-vegetal-aloe-vera-valquer-2.jpg?v=1786523906,2048,2048
38129,Champú Mandarina Sin Sal – 5000 ml,38129.webp,https://cdn.shopify.com/s/files/1/0592/7957/3162/files/champu-sin-sal-mandarina.jpg?v=1728305134,2048,2048
38139,Champú melón sin sal - 5000 ml,38139.webp,https://cdn.shopify.com/s/files/1/0592/7957/3162/files/38139-T.jpg?v=1736512628,2048,2048
38218,Champú pH neutro - 1000 ml,38218.webp,https://cdn.shopify.com/s/files/1/0592/7957/3162/files/Champu_ph_neutro.png?v=1765355992,2048,2048
38219,Champú pH neutro - 5000 ml,38219.webp,https://cdn.shopify.com/s/files/1/0592/7957/3162/files/champu_con_ph_neutro.jpg?v=1770728076,2048,2048
38239,Champú Fresa – 5000 ml,38239.webp,https://cdn.shopify.com/s/files/1/0592/7957/3162/files/champu-fresa-5000ml.jpg?v=1728305102,2048,2048
38249,Champú huevo - 5000 ml,38249.webp,https://cdn.shopify.com/s/files/1/0592/7957/3162/files/champu_de_huevo.jpg?v=1768374783,2048,2048
38259,Champú clorofila - 5000 ml,38259.webp,https://cdn.shopify.com/s/files/1/0592/7957/3162/files/champu-clorofila-5000ml.webp?v=1728305087,2048,2048
38269,Champú incoloro - 5000 ml,38269.webp,https://cdn.shopify.com/s/files/1/0592/7957/3162/files/champuincolorogarrafa.webp?v=1760094003,2048,2048
38279,Champú almendras - 5000 ml,38279.webp,https://cdn.shopify.com/s/files/1/0592/7957/3162/files/champu_almendras.jpg?v=1771846021,1920,1920
38289,Champú manzana - 5000 ml,38289.webp,https://cdn.shopify.com/s/files/1/0592/7957/3162/files/champu-manzana-5000ml.jpg?v=1728305073,800,800
38314,Acondicionador capilar efecto seda - 12x15 ml,38314.webp,https://cdn.shopify.com/s/files/1/0592/7957/3162/files/acondicionador-efecto-seda.jpg?v=1728305070,800,800
38318,Bálsamo Acondicionador Capilar Revitalizante con Keratina Natural - 1000 ml,38318.webp,https://cdn.shopify.com/s/files/1/0592/7957/3162/files/balsamo-acondicionador-keratina-vegetal-valquer-1000ml.webp?v=1783682552,2048,2048
38319,Bálsamo Acondicionador Capilar Revitalizante con Keratina Natural - 5000 ml,38319.webp,https://cdn.shopify.com/s/files/1/0592/7957/3162/files/balsamo_acondicionador_keratina_vegetal.jpg?v=1771845849,1920,1920
38412,Oxidante en crema 10 vol (3%) - Formato pequeño - 75 ml,38412.webp,https://cdn.shopify.com/s/files/1/0592/7957/3162/files/oxidante-crema-10-vol-3-75ml-valquer.jpg?v=1786524548,2048,2048
38417,Agua Oxigenada 10 vol (3 %) – Oxidante Capilar Profesional - 500ml,38417.webp,https://cdn.shopify.com/s/files/1/0592/7957/3162/files/agua-oxigenada-10-vol.jpg?v=1764148078,800,800
38418,Agua Oxigenada 10 vol (3 %) – Oxidante Capilar Profesional - 1000ml,38418.webp,https://cdn.shopify.com/s/files/1/0592/7957/3162/files/oxidante-en-crema-10-vol-3-valquer-1000ml.webp?v=1783683336,2048,2048
38422,Agua Oxigenada 20 vol (6 %) - Formato Pequeño 75 ml,38422.webp,https://cdn.shopify.com/s/files/1/0592/7957/3162/files/oxidante-crema-20-vol-6-75ml-valquer.jpg?v=1786524113,2048,2048
38427,Agua Oxigenada 20 vol (6 %) – Oxidante Capilar Profesional - 500 ml,38427.webp,https://cdn.shopify.com/s/files/1/0592/7957/3162/files/oxidante_en_crema.webp?v=1765356515,2048,2048
38428,Agua Oxigenada 20 vol (6 %) – Oxidante Capilar Profesional - 1000 ml,38428.webp,https://cdn.shopify.com/s/files/1/0592/7957/3162/files/Agua_oxigenada_20_vol.png?v=1765356354,2048,2048
38432,Agua Oxigenada 30 vol (9%) - Formato pequeño - 75 ml,38432.webp,https://cdn.shopify.com/s/files/1/0592/7957/3162/files/oxidante-crema-30-vol-9-75ml-valquer.jpg?v=1786524143,2048,2048
38437,Agua Oxigenada 30 vol (9 %) – Oxidante Capilar Profesional - 500 ml,38437.webp,https://cdn.shopify.com/s/files/1/0592/7957/3162/files/agua_oxigenada_de_30.webp?v=1765353529,2048,2048
38438,Agua Oxigenada 30 vol (9 %) – Oxidante Capilar Profesional - 1000 ml,38438.webp,https://cdn.shopify.com/s/files/1/0592/7957/3162/files/oxidante_en_crema_30_vol.png?v=1765353375,2048,2048
38442,Oxidante en Crema 40 vol (12 %) – Profesional 75 ml,38442.webp,https://cdn.shopify.com/s/files/1/0592/7957/3162/files/oxidante-crema-40-vol-12-75ml-valquer.jpg?v=1786524320,2048,2048
38447,Agua Oxigenada 40 vol (12 %) – Oxidante Capilar Profesional - 500 ml,38447.webp,https://cdn.shopify.com/s/files/1/0592/7957/3162/files/agua-oxigenada-40-volumenes-500.webp?v=1747812807,2048,2048
38448,Agua Oxigenada 40 vol (12 %) – Oxidante Capilar Profesional - 1000 ml,38448.webp,https://cdn.shopify.com/s/files/1/0592/7957/3162/files/oxidante-en-crema-40-vol-12-valquer-1000ml.webp?v=1783683376,2048,2048
38457,Decoblue Polvos decolorantes - 500 g,38457.webp,https://cdn.shopify.com/s/files/1/0592/7957/3162/files/polvos_decolorantes.jpg?v=1771844254,1920,1920
60555,"Champú de Placenta Vegetal. Combate: caída, caspa, grasa - 500 ml",60555.webp,https://cdn.shopify.com/s/files/1/0592/7957/3162/files/champu-placenta-vegetal-valquer-500ml.webp?v=1783682795,2048,2048
